year,num
1940,3
1941,1
1942,2
1943,1
1944,3
1945,7
1946,7
1947,31
1948,7
1949,15
1950,20
1951,13
1952,37
1953,25
1954,37
1955,25
1956,36
1957,61
1958,39
1959,42
1960,49
1961,41
1962,55
1963,64
1964,78
1965,161
1966,154
1967,144
1968,171
1969,120
1970,106
1971,95
1972,117
1973,185
1974,215
1975,242
1976,218
1977,202
1978,253
1979,191
1980,189
1981,133
1982,133
1983,119
1984,143
1985,169
1986,149
1987,176
1988,186
1989,193